subject,crew,seat,scenario,gaze_variance_control,gaze_variance_event1,gaze_variance_event2,gaze_vel_avg_control,gaze_vel_avg_event1,gaze_vel_avg_event2,gaze_vel_std_control,gaze_vel_std_event1,gaze_vel_std_event2,headHeading_avg_control,headHeading_avg_event1,headHeading_avg_event2,headHeading_std_control,headHeading_std_event1,headHeading_std_event2,pupilD_avg_control,pupilD_avg_event1,pupilD_avg_event2,pupilD_std_control,pupilD_std_event1,pupilD_std_event2
101,1,left,1,0.025938786,NA,NA,145.6441366,212.7509072,155.4694178,316.3780324,527.656172,329.2390368,-3.352553708,-3.250226861,-1.182531765,421.9215711,285.623279,420.7338884,0.003657646,0.003589518,0.003158554,0.002443448,0.002836389,0.001604865
102,1,right,1,0.086412893,0.104982878,0.069482905,256.0367615,278.4984945,234.4533108,459.5642773,502.2873395,473.7344513,0.836333392,-0.019868036,0.158352699,255.7488343,250.7236077,66.90295247,0.003559808,0.003608807,0.003656866,0.001002213,0.001093483,0.000647027
101,1,left,2,0.081369499,0.065391558,0.01431362,110.7559662,192.6877055,127.8426969,208.3227846,359.4291236,301.6787246,-3.756536454,-2.469462278,0.780345955,222.8679705,187.4949085,347.5905337,0.00322713,0.003648129,0.003671514,0.001704345,0.003379923,0.003466716
102,1,right,2,0.047080543,0.148131109,NA,233.3278145,286.7435935,312.3521149,393.7849753,905.4479682,539.5572723,-6.150858879,-4.023681074,-0.824204211,530.8533417,365.7715454,169.4777819,0.003917205,0.003799662,0.003320665,0.001046301,0.001178999,0.000684068
101,1,left,3,0.048973699,NA,NA,145.9659906,270.8970148,251.4857671,272.5588498,572.9206688,537.4838639,-1.579924037,-2.123494372,-1.431870172,151.3890975,208.690442,146.1022741,0.003742859,0.005520741,0.003260882,0.001475337,0.006583168,0.001055269
102,1,right,3,0.033997562,0.030114778,0.18494215,275.3575922,358.6522867,296.0578003,487.3787319,552.3843815,589.3350844,-3.208700299,0.396657097,0.803212295,264.6522516,97.51690928,104.5041524,0.003449262,0.003809885,0.003228972,0.001155504,0.001949613,0.000843068
101,1,left,5,0.493940611,NA,0.046556447,150.6852944,155.6641207,175.4279719,372.1948196,348.713647,381.1480428,-2.85450103,-1.352906036,-0.060654308,437.9597398,315.5016496,91.69148095,0.003595401,0.003224999,0.003457625,0.002087632,0.002883434,0.002676023
102,1,right,5,NA,0.099336985,NA,205.7296604,411.9426299,240.190932,352.3634713,619.313896,419.2723182,-0.24954874,-0.352096859,-1.347977086,201.2937378,187.9667639,232.052611,0.003886475,0.003267924,0.003582419,0.000963302,0.002603943,0.000479944
101,1,left,6,0.074252099,0.074284918,0.043432827,169.4185291,148.140767,151.26085,439.1861036,381.8836624,322.9345533,-2.298638085,-1.9983114,4.989737544,355.4678027,387.5606913,443.8995157,0.003297841,0.003309975,0.003659778,0.001447347,0.001501241,0.00171309
102,1,right,6,0.158366327,0.164210171,NA,274.785442,285.6290164,371.8120034,430.6886962,446.3739383,600.8481797,1.33528472,1.291157351,1.704785788,121.2793071,125.5029969,217.1257583,0.003758675,0.00396151,0.003389593,0.003821734,0.004268663,0.000535984
101,1,left,7,0.085697571,NA,NA,146.3850099,NA,NA,379.9245383,NA,NA,-0.969860148,NA,NA,291.1682905,NA,NA,0.003244897,NA,NA,0.001212999,NA,NA
102,1,right,7,0.146505922,NA,NA,296.3307204,NA,NA,710.2742871,NA,NA,-4.384449629,NA,NA,429.7071695,NA,NA,0.00342242,NA,NA,0.000791951,NA,NA
201,2,left,1,0.008784612,NA,0.863830031,200.4056776,271.1487845,308.2372153,317.1094335,428.6882553,593.4886989,-2.200427674,-1.432578466,-2.6332377,178.4476395,145.7428115,174.3793936,0.003370069,0.004403231,0.004197242,0.004189483,0.005483995,0.002899277
202,2,right,1,0.213523906,0.129119218,NA,673.4500189,489.9888636,105.7509729,1017.230525,821.0814074,299.5359606,-0.100584751,-0.483834616,0.103904202,80.98487618,59.70350942,37.46562804,0.001798966,0.002417873,0.001383544,0.000844818,0.00195221,0.000482139
201,2,left,2,NA,0.286809535,NA,243.3087297,373.3048014,266.2156617,375.5800669,698.2401803,406.3463016,-2.479864256,-2.858866781,-0.241895711,234.9950647,246.1085625,163.9599495,0.003133175,0.003241524,0.001774291,0.002627148,0.003017099,0.000824243
202,2,right,2,NA,0.554537788,NA,435.298946,617.2140911,1.385162989,819.655018,953.7694559,4.594065907,-2.026827274,-0.321586705,1.246930952,300.5834024,268.5007982,102.5282443,0.002290147,0.002080421,0.002547777,0.000776151,0.000883803,0.000653787
201,2,left,3,0.294420742,0.092804076,NA,279.0742749,454.4503614,346.6464871,468.5338441,672.3771704,579.5032013,-0.806911697,-0.915394005,-0.655777239,85.91114513,206.7125301,93.83626105,0.00257766,0.002658604,0.003335876,0.001158018,0.001639172,0.002328633
202,2,right,3,NA,0.499966291,NA,902.7136076,517.4402074,515.9395604,1270.098083,590.528892,1010.670721,0.732042385,-2.614296683,0.162548044,208.5616736,191.6351635,34.79181696,0.002518573,0.004269649,0.002532538,0.001079496,0.003781659,0.002157251
201,2,left,5,0.176226127,0.372428801,0.022767279,353.4821835,538.9597268,371.5241853,572.6295663,642.9688904,854.6605841,-0.905332246,-3.227480933,-0.177497585,197.476433,314.9956764,75.54915175,0.003480836,0.003897346,0.003138915,0.002001076,0.002779458,0.002651994
202,2,right,5,NA,0.10693092,NA,723.7467125,770.712022,353.8663371,1142.269555,930.2718318,828.245704,0.169117709,0.680087633,0.414223392,75.09720171,75.56085018,41.32151121,0.002074036,0.005262484,0.002478411,0.00107948,0.003503534,0.001264002
201,2,left,6,NA,NA,0.142506432,370.5836502,353.2808246,322.1188232,524.5780951,489.4427558,469.7249073,0.63506311,1.071922567,-2.879066486,124.7658744,144.1445959,169.5339707,0.003617197,0.003661802,0.002691637,0.003076369,0.003205699,0.001522283
202,2,right,6,0.305795487,0.305795487,NA,661.0342581,780.735172,465.5664284,1541.216357,1726.292776,719.4127722,-0.174660229,-0.298119324,-0.968761789,83.28115274,92.17406551,181.6401575,0.002668865,0.002421091,0.002064795,0.001386005,0.000887186,0.001274106
201,2,left,7,NA,NA,NA,361.7956934,NA,NA,552.441202,NA,NA,-0.66485185,NA,NA,102.3475618,NA,NA,NA,NA,NA,NA,NA,NA
202,2,right,7,NA,NA,NA,NA,NA,NA,NA,NA,NA,-0.298528895,NA,NA,88.99158599,NA,NA,NA,NA,NA,NA,NA,NA
301,3,left,1,NA,0.031130475,NA,592.704598,417.6051825,758.6387134,851.7206547,673.1663835,1035.741153,-1.441848819,-0.456427873,-1.883568595,232.0748161,298.1478986,134.6545258,0.002061016,0.002265957,0.003321517,0.000919724,0.001607714,0.002476451
302,3,right,1,NA,0.167480769,NA,172.8621609,268.5434005,399.0547315,321.3605309,397.1334971,657.8998584,-0.547339175,-0.403669981,0.126433912,160.1459409,63.37024113,35.94302958,0.003620535,0.004048975,0.004107068,0.001542033,0.001271219,0.004973156
301,3,left,2,0.108643032,NA,0.480942476,445.7617309,545.9244435,437.8272781,723.5286004,770.3122883,747.5717053,-2.663294956,-0.651647747,-0.277575564,202.2158679,88.1246388,209.9884035,0.002214989,0.002720012,0.00344155,0.001587427,0.003000608,0.003585216
302,3,right,2,0.070783039,NA,NA,513.648182,179.9996342,348.5234761,572.4912867,384.5649829,483.338286,0.430359462,-1.408201272,-0.149214499,433.4655358,293.1559386,33.49635396,0.004087264,0.003905174,0.004108703,0.000921531,0.002129694,0.002601529
301,3,left,3,NA,NA,NA,500.1671079,581.7952116,969.6170896,777.8802485,875.9224641,1202.552143,-1.873646626,-1.912069333,0.117908417,240.8626894,249.3108124,70.89968526,0.002960325,0.002595223,0.002156932,0.002443455,0.002132392,0.00108008
302,3,right,3,0.867747002,0.867747002,NA,175.3499732,184.1814667,272.5058992,291.4968878,304.4852201,498.4278332,0.906724197,0.918834575,0.348892383,227.503276,185.7050604,28.84425954,0.004504385,0.004550465,0.004316663,0.001175595,0.000957012,0.00085426
301,3,left,5,0.020704842,0.155990542,NA,565.8786346,358.1138548,590.0422238,781.4081611,528.325208,751.5427987,-1.650307329,-3.277378678,-0.356124434,152.9580626,336.585369,45.33591415,0.003437073,0.003366188,0.002609152,0.002127387,0.002560221,0.001507508
302,3,right,5,NA,0.210286978,NA,180.6623442,230.8253394,249.3101555,387.8269563,449.275334,429.6892814,-2.166704532,-0.353190445,0.043770485,218.6404323,206.9669849,36.15204356,0.004428988,0.004202636,0.004500515,0.001258631,0.001289838,0.001238413
301,3,left,6,NA,NA,NA,892.0510648,587.5948741,944.9025576,1409.664134,920.4372139,1334.345603,-4.187172665,-0.981990178,-1.850778492,252.7635234,204.4928902,201.683274,0.003142142,0.003580642,0.00292683,0.002880228,0.003616792,0.002134613
302,3,right,6,NA,NA,NA,178.1845538,131.0655957,453.9709564,363.1657968,256.4289012,606.3235939,10.34923809,8.624359052,2.457210488,549.0751539,568.5542962,240.2244329,0.004152058,0.004453855,0.003646878,0.001250785,0.001243062,0.001295137
301,3,left,7,0.386735465,NA,NA,430.4709026,NA,NA,856.1437415,NA,NA,0.39845076,NA,NA,87.09818142,NA,NA,0.004861399,NA,NA,0.002834562,NA,NA
302,3,right,7,0.326938942,NA,NA,447.1198902,NA,NA,634.9320246,NA,NA,1.195885279,NA,NA,182.9731207,NA,NA,0.004161892,NA,NA,0.001203021,NA,NA
401,4,left,1,0.072999451,NA,0.002406888,165.0056681,397.1154426,329.7901324,389.2499304,715.4780233,679.5157134,-2.66307458,-0.177557434,-0.359378022,217.2316548,161.7175733,44.81114206,0.002865808,0.004094846,0.003757289,0.001930651,0.003755462,0.00453126
402,4,right,1,0.096988036,NA,NA,344.5086311,284.7914686,252.0707462,535.3493032,452.7401775,402.639447,0.697393818,0.868212296,1.45455916,83.09287485,92.86565905,159.4086861,0.00340025,0.003531609,0.004268777,0.001326639,0.001351909,0.001140966
401,4,left,2,0.015828515,0.317126601,0.005246538,146.0829501,204.5092211,165.2364084,308.8266061,397.3180438,371.9149523,0.39371905,-1.407322213,-0.428611607,185.0101445,287.5778453,96.92545985,0.002995233,0.003925745,0.002984753,0.00127902,0.002557396,0.001129208
402,4,right,2,0.07487001,0.336660707,0.810599511,196.6947183,454.9542995,553.2317224,285.5742675,1155.063043,726.0800673,0.185130453,-0.155511144,0.676197643,79.12550132,166.6979161,143.8094069,0.003586691,0.004559056,0.003799362,0.001579049,0.003090987,0.001957654
401,4,left,3,0.060600628,0.041026662,0.026283049,272.5187287,297.0378444,252.5082283,685.803707,723.8912345,574.2893236,0.095681463,0.099208728,-0.374823083,151.5056598,151.5045113,43.60213376,0.003577789,0.003656232,0.003337091,0.00142767,0.001468432,0.001954001
402,4,right,3,0.438439669,0.127428036,0.410319013,193.5282112,201.7911812,240.8041439,368.4631137,377.708125,384.1524295,0.765833703,0.58587719,1.306893941,68.08152777,68.84028321,170.7561098,0.003754176,0.003784198,0.003772334,0.001582962,0.001621373,0.001414384
401,4,left,5,0.033336806,0.031338174,0.031338174,132.2796435,142.050397,142.050397,289.2629031,319.3271194,319.3271194,-8.481103835,-4.711058305,-4.711058305,360.3848283,254.0838958,254.0838958,0.003186806,0.002925727,0.002925727,0.001888276,0.001045047,0.001045047
402,4,right,5,0.108830001,0.121838167,0.121838167,307.6107282,329.5854791,329.5854791,558.4238672,576.0858574,576.0858574,0.18409881,0.093876429,0.093876429,101.2728539,139.0906048,139.0906048,0.004010187,0.004770524,0.004770524,0.002499431,0.002841923,0.002841923
401,4,left,6,0.144074675,0.144074675,0.063297348,188.4013824,188.7350834,141.1021596,436.3925592,438.6949834,352.53748,0.088379443,-0.551408234,-1.364864092,95.14027561,103.9219335,128.5428109,0.003550031,0.003522773,0.003138222,0.003619747,0.003394829,0.000823255
402,4,right,6,0.121541904,0.121541904,0.115737755,403.2125903,332.9744392,548.5285524,601.8965011,489.8323803,1334.08562,1.877043379,0.995134403,1.832127178,199.3738084,119.9404157,221.006803,0.003568805,0.003673951,0.003474801,0.001042774,0.000958961,0.001315026
401,4,left,7,NA,NA,NA,151.2231429,NA,NA,443.6543041,NA,NA,-5.247544061,NA,NA,228.3376022,NA,NA,0.003019143,NA,NA,0.001336629,NA,NA
402,4,right,7,0.231183485,NA,NA,410.316771,NA,NA,561.3859166,NA,NA,0.852735486,NA,NA,98.62398381,NA,NA,0.003662578,NA,NA,0.001180256,NA,NA
501,5,left,1,NA,NA,NA,201.2203172,276.9914392,429.419222,398.9161021,570.2313503,756.8434365,1.816820664,7.018944434,8.632997952,751.8656296,528.9692445,577.4221909,0.003690532,0.002744464,0.003563334,0.002357217,0.001196841,0.003043441
502,5,right,1,0.516284344,NA,0.292559667,248.3383624,267.6455139,222.1015486,395.7873024,438.0137256,386.4289072,0.73000947,0.683295274,-0.60021264,90.42453316,97.12678263,51.58993056,0.004051645,0.003717325,0.003845796,0.001336528,0.001639763,0.000972088
501,5,left,2,0.07170396,NA,NA,143.665188,226.9122124,179.3521267,357.8508831,464.5646927,386.2681809,7.502313651,-0.299630099,0.115677663,570.0703708,374.8729019,210.9532583,0.002617531,0.003021285,0.003395246,0.001163909,0.004111665,0.004255584
502,5,right,2,0.630866698,0.78807326,0.093103667,266.8865872,363.584233,366.418915,454.0003682,597.7213418,575.1690562,1.202437511,0.714731598,-0.376094157,293.4422682,189.1163325,34.78338688,0.003681039,0.003599689,0.004133622,0.001257913,0.001499719,0.001778651
501,5,left,3,0.103776308,0.069386125,0.010878746,221.4481601,202.6387094,222.0286964,644.1926028,424.8435557,538.9847001,-1.746451054,4.435203257,-0.435074526,431.1614156,710.1572234,78.28440786,0.002926455,0.004013294,0.003406485,0.002155513,0.004856925,0.003006528
502,5,right,3,0.247369226,0.789167787,0.24469587,240.0907838,350.4716573,302.3332364,365.9320069,528.5644035,772.7876475,-0.440938255,0.849145864,0.134960636,133.9657058,112.6571865,36.0224194,0.004517854,0.00437992,0.00425301,0.000583544,0.000724059,0.001504828
501,5,left,5,0.056829405,0.055704401,0.055704401,93.15875453,100.9120292,100.9120292,246.2465398,285.0872984,285.0872984,-0.188605443,-0.455232427,-0.455232427,32.02866643,32.89190285,32.89190285,0.002980298,0.003003738,0.003003738,0.000284555,0.000312147,0.000312147
502,5,right,5,0.102682821,0.10425207,0.10425207,458.2182442,481.582805,481.582805,751.7723842,785.4923722,785.4923722,0.421261144,-0.112831771,-0.112831771,39.94038226,40.59965003,40.59965003,0.003272904,0.003354029,0.003354029,0.000832446,0.000848095,0.000848095
501,5,left,6,NA,NA,NA,253.9296858,191.8801674,202.5653297,520.1637393,352.5662923,423.4764652,-8.782783771,-4.540189667,-8.632371916,544.3754215,527.3324592,426.1344117,0.003162437,0.00313686,0.00335365,0.002389972,0.002479115,0.00276848
502,5,right,6,0.405551412,0.468751325,0.806001696,333.6964053,330.8756118,423.2392215,487.9835448,476.7074651,569.2790966,-0.11851178,-0.123943776,0.357797958,36.54984062,40.81468101,36.92854115,0.0045455,0.004545166,0.004355731,0.000609722,0.000610249,0.003331038
501,5,left,7,0.357790541,NA,NA,257.4922436,NA,NA,681.3976408,NA,NA,0.055240335,NA,NA,324.8125638,NA,NA,0.003131313,NA,NA,0.002385832,NA,NA
502,5,right,7,0.703018565,NA,NA,311.292244,NA,NA,542.4093536,NA,NA,0.508572385,NA,NA,262.4429526,NA,NA,0.004329438,NA,NA,0.000720396,NA,NA
601,6,left,1,0.168230272,0.014893795,NA,246.907598,392.4186155,264.4390634,471.9626588,592.1250993,474.3752474,-0.751802392,-1.949768842,-1.84708333,178.1236278,278.2167343,155.8299856,0.003174442,0.003695933,0.00344867,0.001653041,0.003351893,0.003478497
602,6,right,1,0.264616478,NA,0.132807144,185.815865,226.6144682,244.0822898,342.2079785,359.434357,412.2870261,5.009608182,9.697041334,0.910582983,316.2430266,409.3945922,250.6850709,0.004191919,0.004021478,0.003691934,0.003202843,0.001116514,0.000677748
601,6,left,2,0.015121984,NA,0.000969128,264.8950587,279.5233659,316.8726889,629.1171805,712.1225041,458.6161903,-1.300901736,-0.947445026,-1.954216717,205.7935981,204.5642215,233.6882892,0.003358426,0.003313083,0.003013358,0.002670101,0.002185801,0.000946409
602,6,right,2,0.130065314,NA,0.046225182,246.6420322,391.2859719,364.1729491,438.568486,590.8658955,560.1276887,2.254915372,-0.923122998,0.415867393,232.6305023,260.1985619,32.56424216,0.003758141,0.003450952,0.003593507,0.001341973,0.001723605,0.001143053
601,6,left,3,0.051374825,0.002423228,0.184291145,318.9294829,379.2386224,351.1937692,496.7792648,588.7369836,584.5799299,-2.432084678,-2.912309331,-0.269699519,202.5037561,235.1767359,101.7261397,0.003151904,0.003024983,0.003508678,0.001426187,0.001584653,0.002864725
602,6,right,3,0.120009129,NA,0.079579545,205.7206107,167.7083166,226.9254815,276.1971511,227.2434041,460.1318107,9.315293603,11.70328159,0.150093346,404.6236442,451.3483743,195.4828866,0.003923119,0.003941112,0.003553596,0.000859033,0.001208699,0.001427158
601,6,left,5,0.019495947,NA,NA,241.5447887,264.7199807,205.4839995,464.8888745,443.901941,748.3223787,-1.363938431,0.454062571,0.427065619,172.1361158,135.0064204,39.16435266,0.003283093,0.003625166,0.004434374,0.00126425,0.001840154,0.003395702
602,6,right,5,0.093224206,0.206908124,0.099931087,262.2026276,243.0710992,263.9959307,511.1969875,470.0408727,394.1496108,3.531951507,0.180896485,-2.201811089,355.2617846,42.93150535,294.110999,0.003372162,0.003600418,0.003644359,0.000948814,0.001101333,0.001914961
601,6,left,6,0.011096856,0.006712631,0.11453455,223.542908,224.7122699,244.3576779,513.7551672,518.4797406,425.876578,-0.912012013,-0.814166402,-1.960774562,111.4660456,101.4090036,124.7753784,0.002798476,0.002871672,0.003320732,0.00117301,0.001185723,0.002391527
602,6,right,6,0.410754475,0.414876962,0.281134387,235.2432714,228.0106935,306.4227233,399.5397271,395.7234602,514.9006335,2.226862247,3.20424708,3.299245254,258.5242815,295.8107773,204.4294052,0.003536491,0.003500786,0.003910251,0.001026117,0.000986187,0.000688738
601,6,left,7,0.539764848,NA,NA,273.5051201,NA,NA,479.5603975,NA,NA,-4.887552148,NA,NA,330.9286417,NA,NA,0.003315972,NA,NA,0.001387468,NA,NA
602,6,right,7,0.030263531,NA,NA,356.1966084,NA,NA,523.5357075,NA,NA,9.966169779,NA,NA,554.9452497,NA,NA,0.003689233,NA,NA,0.000809339,NA,NA
701,7,left,1,0.005096958,0.048144086,0.10324292,204.3530097,319.1639569,199.93402,383.3283934,599.8986528,328.0226262,0.123069459,-0.249083999,-2.498627763,229.9195844,99.45968091,308.4176894,0.004347327,0.003648836,0.003898954,0.002054837,0.002385245,0.001152006
702,7,right,1,NA,0.129434477,NA,621.7640225,530.5453226,625.7022977,921.4164438,806.317175,709.0197613,6.783361652,2.820573477,-0.168525961,312.6176903,208.5182109,31.80321026,0.002269284,0.002273444,0.003758521,0.001625522,0.001137647,0.001783936
701,7,left,2,0.001227044,NA,0.042531936,212.5393691,329.7974952,201.1159196,374.6933595,1007.203152,348.530872,1.51344656,0.503998749,-0.650292266,191.8168677,243.057338,218.6746045,0.004821563,0.0043089,0.004373152,0.003727645,0.003592165,0.004233144
702,7,right,2,NA,NA,NA,400.1024557,539.9214692,469.9402529,654.2906635,680.4375025,637.6026213,0.39761581,1.521645281,0.302745645,176.1875963,267.1350781,64.85923865,0.00336952,0.003804494,0.002903004,0.000977945,0.001473055,0.001040881
701,7,left,3,NA,0.099722815,0.004691326,313.575207,500.25031,203.6436081,519.017691,704.230933,377.446649,1.316717533,0.692274545,-0.437310335,208.5612231,104.450111,83.73395369,0.003925311,0.003412718,0.003332539,0.003964927,0.003854043,0.000920913
702,7,right,3,0.176337291,0.340160453,0.138501196,501.6152841,432.5669979,636.6672855,690.4164612,709.7460937,907.22274,-3.912953363,-4.535644986,0.203746491,414.4821114,490.6232498,20.87453438,0.002506573,0.00203201,0.002875355,0.000740981,0.000164528,0.000304943
701,7,left,5,0.000271397,0.120974344,0.032454979,178.314512,401.3649213,257.1973202,329.6211945,601.7820073,462.4168352,1.351499975,0.12907392,-1.26194551,413.4801673,41.50607334,156.9277911,0.003558651,0.003852403,0.00331022,0.000823898,0.002884855,0.001707769
702,7,right,5,NA,NA,NA,598.0853059,782.9176948,712.8226124,1552.035335,974.5640134,1052.810614,-4.103107974,0.819646794,-0.680669895,427.3750077,94.09461682,36.60990829,0.00269329,0.003591359,0.003216661,0.000780968,0.001009442,0.001607111
701,7,left,6,0.032514958,0.019997954,NA,242.7279064,241.4181895,202.140117,734.8492116,802.1209662,369.9542436,-2.531746695,-3.538548755,-0.371810636,150.5569468,174.3514131,99.4861274,0.003547133,0.003165807,0.003270548,0.002364043,0.001057259,0.002264381
702,7,right,6,0.206187984,0.358047985,NA,586.4807915,556.9493278,596.4716646,721.0459947,687.0618436,687.546831,9.055841072,3.391382252,0.41266419,480.8533137,430.3022283,39.52299229,0.001934948,0.001960483,0.001916099,0.000734766,0.000741506,0.000985334
701,7,left,7,0.064633031,NA,NA,358.6109342,NA,NA,560.641097,NA,NA,-2.19353229,NA,NA,150.0191182,NA,NA,0.003918092,NA,NA,0.001359064,NA,NA
702,7,right,7,NA,NA,NA,586.9269853,NA,NA,686.984463,NA,NA,0.553948434,NA,NA,256.7543142,NA,NA,0.002360141,NA,NA,0.00234832,NA,NA
801,8,left,1,0.030809859,NA,NA,110.2753523,122.403596,117.4836051,259.0453988,292.3801859,316.3366471,-0.284144016,-1.629145004,-0.888282955,195.1587042,167.5346261,195.0990667,0.00338194,0.003388086,0.003308452,0.001316985,0.00067267,0.000605313
802,8,right,1,0.280273085,0.043575206,0.147803012,217.5559388,190.555871,119.1279098,374.4994429,374.1517889,287.4510394,3.63925181,0.854388471,-0.546912601,195.7802327,224.0349071,91.78668426,0.004910804,0.004480049,0.004621611,0.000869732,0.002548866,0.00105786
801,8,left,2,NA,0.028670836,0.201645227,173.3817976,173.1523235,75.4107389,385.4089648,390.5586259,178.362815,-4.027984382,-1.77519019,-3.046877133,267.0798366,206.9897816,221.8116896,0.003426952,0.003411068,0.003454287,0.001324338,0.001065896,0.000531212
802,8,right,2,0.293780997,0.063355603,0.284297165,205.0768367,141.5034075,442.0256152,352.6293831,243.531754,702.3891927,1.749992888,2.692125685,0.28001409,195.4834116,325.3240836,33.57335456,0.004799057,0.004885357,0.004808105,0.001359699,0.000511994,0.000784777
801,8,left,3,0.039345732,1.028249914,0.015870098,218.585385,212.8628316,99.15514328,469.3493941,519.6672105,259.1201233,-0.4234751,0.063112993,-0.644730396,219.7543467,162.6960252,92.86123373,0.003754375,0.003841717,0.003371052,0.001691867,0.001590877,0.000715409
802,8,right,3,0.063401289,0.068326621,0.150813119,175.0739958,205.7794959,106.3136785,381.2312759,470.8270726,211.3033259,4.104113508,4.50367499,-0.166368148,300.6295989,313.6227501,29.83097251,0.004957288,0.004750606,0.00450412,0.000681541,0.00090235,0.000489796
801,8,left,5,0.531831797,NA,0.072334755,187.7146913,193.9210143,138.6432326,419.3786693,403.7542421,318.7096603,-0.532971986,-0.641833607,-0.46416375,260.1387469,140.0551723,119.8442578,0.003247642,0.003282616,0.002938219,0.000989698,0.002043577,0.001325043
802,8,right,5,0.356243524,0.034659666,0.20031266,188.6753374,216.1997581,228.4219297,701.9331758,381.405795,472.7343246,-2.014879533,0.726813806,-0.054907755,195.7213544,171.3151584,31.59617695,0.00477345,0.004587082,0.005120028,0.000783194,0.000734306,0.00196577
801,8,left,6,0.002213976,0.001855891,0.084674332,157.4229141,168.6568763,196.758836,485.0936612,364.4857472,396.8499073,0.26520925,0.248677409,-0.758295809,251.4707494,290.3984043,299.9981337,0.003553763,0.003548044,0.003602519,0.001400425,0.001602209,0.002391452
802,8,right,6,NA,NA,0.119711805,397.8878323,383.724763,234.7366723,653.0443671,634.6158455,362.8586063,2.633546367,1.349246916,1.103188289,213.4407224,96.15101136,160.2919029,0.004528892,0.004473024,0.00478811,0.000982504,0.001072019,0.001085513
801,8,left,7,0.103909534,NA,NA,227.889898,NA,NA,565.1707338,NA,NA,-6.429238719,NA,NA,316.4577407,NA,NA,0.003743072,NA,NA,0.000973486,NA,NA
802,8,right,7,0.344156427,NA,NA,243.0817783,NA,NA,446.9582243,NA,NA,0.618105705,NA,NA,326.4035655,NA,NA,0.004661834,NA,NA,0.001203588,NA,NA
901,9,left,1,NA,NA,0.101330809,656.9455181,687.9928169,758.9117853,797.4024268,851.6400193,766.8717396,-5.103239707,-4.082023959,-2.981362415,292.1200481,261.0877445,301.3997533,0.002105095,0.002166991,0.002500997,0.000602915,0.00062668,0.000827795
902,9,right,1,0.115553988,0.139491696,NA,312.9615994,403.2588041,849.2440342,524.9671765,609.662826,1998.262895,-0.620001401,2.46436295,-6.247681624,426.7576803,364.0180027,345.4917028,0.002841197,0.002573669,0.002712468,0.001011026,0.001464967,0.001068774
901,9,left,2,0.071279334,NA,0.050019703,217.953611,453.8887874,32.00099259,377.4476215,658.8005387,139.4890928,-0.218829861,-1.746136923,-5.29011047,201.2191023,318.2227469,349.16749,0.001790159,0.001560019,0.001632876,0.000618868,0.000729433,0.00040303
902,9,right,2,NA,0.226227677,0.184904024,304.8390699,370.7351995,435.7014566,747.5776954,582.6678237,631.205483,1.466015982,2.096284002,0.639903191,296.8140038,243.4914739,131.5450144,0.003691977,0.003331769,0.002730931,0.002947873,0.001777539,0.001384486
901,9,left,3,NA,NA,0.000500692,331.5628513,377.1544556,399.4542644,548.1086667,586.5153224,573.3198217,-3.808438325,-3.075438929,-1.729081472,310.5801118,246.8622987,259.816656,0.003515445,0.003260039,0.003265969,0.001115406,0.000742797,0.002015977
902,9,right,3,0.087605443,0.205288497,NA,311.2718892,356.0676633,508.6803057,534.3047596,601.9148156,650.1743298,-1.489954088,0.951276129,-0.005102179,298.3968754,373.9310301,34.24582539,0.002865703,0.003047269,0.003068109,0.001089661,0.000976003,0.001384696
901,9,left,5,NA,NA,NA,498.0292629,609.3423976,264.5902448,697.5677964,1108.521668,324.8072525,3.52417745,-2.810458586,-2.395527484,311.6354547,272.0036888,195.8761224,0.002499527,0.002565101,0.002735761,0.001122606,0.001068266,0.001764
902,9,right,5,0.062015765,0.280341066,NA,340.8557036,376.2418165,544.2994088,560.5080186,516.6853841,637.0558723,-5.816887252,-11.26686761,-1.251907399,361.0769696,636.9817508,233.9284928,0.002706,0.002397891,0.003490349,0.00152861,0.000986112,0.001671654
901,9,left,6,0.004887955,0.006949085,NA,346.4271044,367.3081846,446.1684472,429.8472396,440.5269108,621.4456038,-13.97242143,-13.3346248,-2.036657935,412.7460702,383.0680127,401.6925375,0.002241452,0.002748566,0.002373634,0.000905329,0.00081113,0.001268864
902,9,right,6,NA,NA,0.365860422,367.2524082,356.0480211,568.7712668,573.3253739,558.2217997,808.9123942,0.969779288,1.410885216,-1.535766402,139.9246639,161.1354917,219.9227624,0.002905409,0.002926579,0.00204689,0.001041714,0.001079243,0.001560988
901,9,left,7,0.189365527,NA,NA,425.05644,NA,NA,765.5426781,NA,NA,-0.613678514,NA,NA,182.2852449,NA,NA,0.003075449,NA,NA,0.002778985,NA,NA
902,9,right,7,0.413994797,NA,NA,508.3320457,NA,NA,694.0975016,NA,NA,9.678530595,NA,NA,653.3197468,NA,NA,0.003093291,NA,NA,0.00122684,NA,NA
1001,10,left,1,0.018897793,NA,0.078742509,392.3343491,319.5997086,369.3356375,563.2859987,490.6081166,528.1462587,-3.239054769,-2.113635672,0.304740179,228.0289061,244.2945673,337.3975592,0.003037151,0.004577687,0.003404744,0.000816735,0.005785313,0.002629584
1002,10,right,1,NA,0.126059987,0.134195209,244.2051145,237.6469697,276.2865353,496.4748071,486.2694035,445.6990068,0.681153592,0.937373792,0.277109584,206.6482047,107.279762,269.9456419,0.003816824,0.003429196,0.003252819,0.00119367,0.001162365,0.001544661
1001,10,left,2,0.011001994,NA,0.048397374,253.5490592,323.8372365,396.7346129,449.583375,515.8719305,481.5806637,-3.674814851,-3.773990491,-1.922300944,359.21244,350.3045909,224.7074691,0.002793713,0.003150334,0.002859852,0.001370596,0.002000304,0.001506743
1002,10,right,2,0.302834188,0.158815989,NA,187.8641005,202.6426679,343.8775377,397.9393111,396.6379614,513.7638674,3.020568751,5.560890122,0.270747825,350.7637802,405.1680714,151.2119516,0.003855097,0.003963768,0.002625749,0.001675001,0.002584417,0.001182938
1001,10,left,3,0.004865882,0.059150179,0.026993117,370.0117124,478.4070633,412.8248307,468.3914667,797.9671404,623.4155393,-0.06808998,1.390366772,-1.09158495,376.4116441,204.4678299,238.4112387,0.003408002,0.00316421,0.005434627,0.0010688,0.001741285,0.005865649
1002,10,right,3,NA,NA,0.015015778,182.0356002,185.4139364,266.1912279,346.4712498,350.4524539,642.2580149,-0.419414973,0.641855725,-0.134661042,309.0681578,310.6100385,24.87588036,0.003491142,0.003593881,0.002697101,0.000923805,0.000744974,0.001029428
1001,10,left,5,0.057251714,NA,NA,280.4823864,286.6478838,625.2632549,480.8711026,507.7177261,1215.839968,0.266136714,-1.292178051,-4.128096274,258.4239742,266.7755657,302.0466655,0.003181574,0.005446485,0.003548119,0.001012485,0.006811956,0.001874441
1002,10,right,5,0.21960059,0.150419516,0.251156005,271.0819539,206.7446809,274.6381511,519.9141804,487.7769,499.022099,-0.624859324,0.086981952,-0.00472241,113.0622477,140.8052658,18.51179536,0.003492762,0.003544239,0.002998805,0.00106475,0.000921681,0.001270812
1001,10,left,6,NA,NA,NA,266.8778882,240.4706973,304.6632726,484.8550232,469.907674,371.9036389,-1.160363392,-1.752908788,-1.811205418,210.9052187,219.4926986,284.7055314,0.003869511,0.003947783,0.003578717,0.002476025,0.002794515,0.00087616
1002,10,right,6,0.383255239,0.376754393,0.297466711,305.0707565,358.5972571,340.7087272,563.6984444,634.7304712,500.7310712,0.696046538,0.782959391,-0.215364786,164.1936261,187.2696027,197.9743413,0.003021471,0.003486139,0.003306421,0.001451701,0.001433534,0.001213432
1001,10,left,7,0.025387487,NA,NA,325.4890455,NA,NA,559.9379972,NA,NA,2.183282676,NA,NA,585.3993415,NA,NA,0.003375785,NA,NA,0.002441308,NA,NA
1002,10,right,7,0.057514791,NA,NA,218.9874844,NA,NA,513.551821,NA,NA,4.66627621,NA,NA,436.1504524,NA,NA,0.004028317,NA,NA,0.001779471,NA,NA
1101,11,left,1,NA,0.345435453,0.103204206,338.9881378,339.900789,274.9608047,660.2162691,706.797557,528.4124073,-2.116340719,-2.004067059,-2.594899977,198.8322635,221.1567636,299.7735986,0.003586679,0.003248247,0.003653837,0.001282542,0.000812186,0.000582573
1102,11,right,1,NA,0.378844079,0.098314053,383.826298,348.5079368,222.1416385,615.4371041,542.0768984,443.5275592,2.486896149,1.050005641,1.250370311,248.9104648,100.6061939,208.0568367,0.003023199,0.003069978,0.003043037,0.001014795,0.002036476,0.001981154
1101,11,left,2,NA,0.011918107,0.061897833,395.6500528,403.6384382,365.3537,817.6306871,817.0196909,917.9253389,-1.305712572,-3.083844148,-1.029508548,185.4237466,266.5411408,186.6693554,0.003946761,0.003936892,0.004307725,0.002651749,0.001554899,0.002382162
1102,11,right,2,0.48762237,NA,0.330220589,266.1464042,313.647727,266.2856319,500.9483403,530.5496034,465.0706339,3.167044738,5.435016361,-0.082569283,176.7385046,357.3363744,147.4481623,0.003106276,0.00306059,0.003249974,0.000734157,0.000791888,0.000749196
1101,11,left,3,NA,0.034896046,NA,297.5966045,293.453179,443.9248808,653.0376842,552.7350292,924.7040459,-5.912061106,-0.392416236,-0.175587904,249.9876155,124.4486722,71.17690608,0.003089995,0.00336721,0.003421952,0.001135823,0.001097963,0.000912978
1102,11,right,3,0.160583437,0.169643287,NA,339.3478708,301.7658054,367.5795405,565.0435911,527.1612473,719.4110791,3.276383953,1.711837369,0.24444196,367.9609939,196.4294049,158.3238417,0.003573931,0.003408876,0.002844508,0.002597957,0.001012382,0.001325724
1101,11,left,5,3.356801083,0.023311836,0.0155715,309.5921009,1097.60158,252.0634735,674.1340922,1728.191977,499.1203012,-2.458625748,-3.005437872,-1.8080049,214.1365772,337.3126204,134.5738884,0.003461863,0.003730395,0.003697905,0.00118538,0.002386257,0.001742035
1102,11,right,5,NA,0.197958848,0.099829568,396.9171794,302.0462252,318.1567362,644.092261,545.2250554,539.4852703,0.349041474,0.599158696,0.131858318,129.8117006,85.46069439,241.1490083,0.003270346,0.003097316,0.00302133,0.000753784,0.001083171,0.000636032
1101,11,left,6,0.084799457,NA,0.003099105,232.9411355,232.7214456,209.5528151,621.0435416,676.2448378,489.453965,-1.31993676,-1.533167752,-4.476268548,122.7454753,138.6453102,296.1319631,0.003702629,0.003720282,0.003872887,0.001599729,0.001720713,0.000902477
1102,11,right,6,0.170079496,0.153950507,0.247418637,250.8078104,246.5516078,280.9373111,416.1859842,394.6475276,465.8006895,-0.680691658,1.56217052,1.039472258,376.502419,200.0575688,101.7214856,0.003235375,0.003235602,0.00292265,0.001158472,0.001162659,0.001440708
1101,11,left,7,0.000470797,NA,NA,492.5369343,NA,NA,1069.666345,NA,NA,-7.900919127,NA,NA,332.6472391,NA,NA,0.004000839,NA,NA,0.001196783,NA,NA
1102,11,right,7,0.271099999,NA,NA,289.6524667,NA,NA,582.812426,NA,NA,-0.313675028,NA,NA,243.2784416,NA,NA,0.003382186,NA,NA,0.001675201,NA,NA
1301,13,left,1,0.070209267,NA,NA,485.0009632,156.8133042,102.9085438,1527.506719,327.2916378,144.9822166,-0.845214212,-1.235782087,-1.759452359,303.1508965,302.7432016,270.4937713,0.004804075,0.003934543,0.00332478,0.004698294,0.003652301,0.001466659
1302,13,right,1,0.144887705,0.069680726,NA,225.6829846,267.3928367,205.8107928,392.5283291,450.7096979,349.3337981,1.281710079,1.486191164,3.013127903,203.5088556,170.461605,264.3367453,0.003116491,0.002846954,0.00338502,0.001125314,0.00113306,0.001218519
1301,13,left,2,NA,0.064323982,0.001681967,166.7973516,219.6359931,138.842823,371.414762,547.8959112,291.6115615,-0.697333303,-2.543371577,1.319019237,230.4143686,262.4023031,338.6051602,0.00333315,0.003266985,0.003948873,0.001026006,0.000963715,0.003109049
1302,13,right,2,0.226451635,0.204224598,0.069254989,177.9926816,294.920693,422.5695331,290.4431072,468.2911157,748.062542,0.608831024,-0.096670956,3.611374073,71.52816,88.66506165,527.4859426,0.003191621,0.002800947,0.003565176,0.000755331,0.000820439,0.001927551
1301,13,left,3,0.058090748,0.058090748,NA,170.6033329,170.6033329,166.8271413,370.5272977,370.5272977,372.6160496,-0.8181433,-0.882992911,0.390443433,406.8834728,410.7192864,308.1589127,0.003262086,0.003262086,0.003594186,0.001370141,0.001370141,0.001901753
1302,13,right,3,7.12E-05,0.000166591,0.118337301,266.1255307,264.3836094,258.0334895,502.2198991,496.2056156,435.615694,0.506593608,0.424335378,2.801953622,250.9098943,252.7314705,314.6924957,0.003434807,0.003442987,0.002810475,0.002461341,0.002473285,0.000856345
1301,13,left,6,NA,NA,NA,180.8904433,172.3156206,183.4743851,444.858677,448.2749502,435.1872391,-3.120455209,-3.192175291,1.069129912,235.7550146,264.0951106,424.7408282,0.004756713,0.004721806,0.004101064,0.00334841,0.003015449,0.004970936
1302,13,right,6,0.283805758,0.278023128,0.190649268,268.6007764,226.2410883,302.8266892,493.5905881,424.6885744,517.0079454,14.56460862,19.43171459,0.041620066,782.2731538,901.4189645,49.0023219,0.003032015,0.003257209,0.002909786,0.001520176,0.001432083,0.000815584
1301,13,left,7,NA,NA,NA,132.4846267,NA,NA,335.6415072,NA,NA,0.694988945,NA,NA,346.8183492,NA,NA,0.003429281,NA,NA,0.00188231,NA,NA
1302,13,right,7,0.401840064,NA,NA,283.2711577,NA,NA,508.6881179,NA,NA,0.588726597,NA,NA,181.8772961,NA,NA,0.003331828,NA,NA,0.000941041,NA,NA
